Workbook

Sheet Metodo
B2: ECHO / Jurimetria de produtividade
B3: Versao publica anonimizada
B5: Objeto | C5: Medicao da produtividade de um gabinete de Turma Recursal, apurada mes a mes e aberta por servidor, sobre a base de despachos do periodo.
B6: Indicador | C6: Produtividade = votos proferidos / despachos totais no mes. E taxa de conversao, nao volume. Variacao de carga nao move o indicador por si.
B7: Periodo apurado | C7: dez/2025 a abr/2026 (meses de cobertura integral)
B9: Regra de contagem declarada
B10: Conta como voto | C10: Entradas iniciadas por CONHECIDO O RECURSO DE PARTE E PROVIDO; EMBARGOS DE DECLARACAO ACOLHIDOS; EMBARGOS DE DECLARACAO NAO-ACOLHIDOS; PREJUDICADO O RECURSO; PREJUDICADA A ACAO; INCLUID*.
B11: Conta como voto em MS | C11: Na classe Mandado de Seguranca: NAO CONHECIDO O RECURSO DE PARTE; CONCEDIDA A MEDIDA LIMINAR; INDEFERIDA A PETICAO INICIAL; NAO CONCEDIDA A MEDIDA LIMINAR.
B12: Por que declarar | C12: A regra e publicada junto com o numero. Quem discorda do criterio pode recalcular a serie inteira sem pedir a base.
B14: Limites declarados
B15: Meses de borda | C15: nov/2025 e mai/2026 tem cobertura parcial e ficam fora de toda comparacao. Aparecem na Base, sinalizados, e nao entram nos agregados.
B16: Atribuicao causal | C16: A serie mostra evolucao no periodo. Ela nao prova, sozinha, a causa da evolucao. O teste de robustez trata as duas explicacoes concorrentes mais obvias.
B17: Registro sem assessor | C17: Lancamentos sem responsavel atribuido foram excluidos da abertura por servidor.
B19: Anonimizacao
B20: Servidores | C20: Rotulos funcionais estaveis, compativeis com o Controle de Acervo. Nenhum nome, sigla ou identificador de pessoa consta do arquivo.
B21: Orgao | C21: Removido.

Sheet Base
B2: BASE
B3: Fato unico do modelo. Toda medida das demais abas e formula viva sobre esta tabela.
B5: Mes | C5: Servidor | D5: Votos | E5: Despachos | F5: Cobertura
B6: 2025-11 | C6: Graduando_2 | D6: 0 | E6: 0 | F6: parcial
B7: 2025-11 | C7: Assessor_4 | D7: 0 | E7: 0 | F7: parcial
B8: 2025-11 | C8: Assessor_3 | D8: 0 | E8: 0 | F8: parcial
B9: 2025-11 | C9: Assessor_1 | D9: 0 | E9: 0 | F9: parcial
B10: 2025-11 | C10: Novo_2 | D10: 0 | E10: 0 | F10: parcial
B11: 2025-11 | C11: Assessor_2 | D11: 0 | E11: 0 | F11: parcial
B12: 2025-11 | C12: Novo_1 | D12: 0 | E12: 0 | F12: parcial
B13: 2025-11 | C13: Graduando_1 | D13: 0 | E13: 2 | F13: parcial
B14: 2025-12 | C14: Graduando_2 | D14: 12 | E14: 30 | F14: integral
B15: 2025-12 | C15: Assessor_4 | D15: 29 | E15: 47 | F15: integral
B16: 2025-12 | C16: Assessor_3 | D16: 16 | E16: 43 | F16: integral
B17: 2025-12 | C17: Assessor_1 | D17: 23 | E17: 59 | F17: integral
... B61: 2026-05 | C61: Graduando_1 | D61: 2 | E61: 3 | F61: parcial

Sheet Serie
B2: SERIE MENSAL
B3: Meses de cobertura integral. A coluna de variacao mede contra o mes inicial.
B5: Mes | C5: Votos | D5: Despachos | E5: Produtividade | F5: Variacao vs. dez/2025
B6: 2025-12 | C6: =SUMIF(Base!$B$6:$B$61,$B6,Base!$D$6:$D$61) -> 126 | D6: =SUMIF(Base!$B$6:$B$61,$B6,Base!$E$6:$E$61) -> 285 | E6: =IFERROR(C6/D6,0) -> 0.44210526
B7: 2026-01 | C7: =SUMIF(Base!$B$6:$B$61,$B7,Base!$D$6:$D$61) -> 138 | D7: =SUMIF(Base!$B$6:$B$61,$B7,Base!$E$6:$E$61) -> 292 | E7: =IFERROR(C7/D7,0) -> 0.47260274 | F7: =IFERROR(E7-$E$6,0) -> 0.030497477
B8: 2026-02 | C8: =SUMIF(Base!$B$6:$B$61,$B8,Base!$D$6:$D$61) -> 178 | D8: =SUMIF(Base!$B$6:$B$61,$B8,Base!$E$6:$E$61) -> 347 | E8: =IFERROR(C8/D8,0) -> 0.5129683 | F8: =IFERROR(E8-$E$6,0) -> 0.070863037
B9: 2026-03 | C9: =SUMIF(Base!$B$6:$B$61,$B9,Base!$D$6:$D$61) -> 189 | D9: =SUMIF(Base!$B$6:$B$61,$B9,Base!$E$6:$E$61) -> 373 | E9: =IFERROR(C9/D9,0) -> 0.50670241 | F9: =IFERROR(E9-$E$6,0) -> 0.06459715
B10: 2026-04 | C10: =SUMIF(Base!$B$6:$B$61,$B10,Base!$D$6:$D$61) -> 250 | D10: =SUMIF(Base!$B$6:$B$61,$B10,Base!$E$6:$E$61) -> 414 | E10: =IFERROR(C10/D10,0) -> 0.60386473 | F10: =IFERROR(E10-$E$6,0) -> 0.16175947
B11: Periodo | C11: =SUM(C6:C10) -> 881 | D11: =SUM(D6:D10) -> 1711 | E11: =IFERROR(C11/D11,0) -> 0.51490357

Sheet Por servidor
B2: GANHO POR SERVIDOR
B3: Primeiro mes integral contra ultimo mes integral, pessoa a pessoa.
B5: Servidor | C5: Produtividade 2025-12 | D5: Produtividade 2026-04 | E5: Variacao | F5: Votos no periodo | G5: Despachos no periodo
B6: Assessor_1 | C6: =IFERROR(SUMIFS(Base!$D$6:$D$61,Base!$B$6:$B$61,"2025-12",Base!$C$6:$C$61,$B6)/SUMIFS(Base!$E$6:$E$61,Base!$B$6:$B$61,"2025-12",Base!$C$6:$C$61,$B6),"") -> 0.38983051 | D6: =IFERROR(SUMIFS(Base!$D$6:$D$61,Base!$B$6:$B$61,"2026-04",Base!$C$6:$C$61,$B6)/SUMIFS(Base!$E$6:$E$61,Base!$B$6:$B$61,"2026-04",Base!$C$6:$C$61,$B6),"") -> 0.53571429 | E6: =IFERROR(D6-C6,"") -> 0.14588378 | F6: =SUMIFS(Base!$D$6:$D$61,Base!$C$6:$C$61,$B6) -> 183 | G6: =SUMIFS(Base!$E$6:$E$61,Base!$C$6:$C$61,$B6) -> 397
B7: Assessor_2 | C7: =IFERROR(SUMIFS(Base!$D$6:$D$61,Base!$B$6:$B$61,"2025-12",Base!$C$6:$C$61,$B7)/SUMIFS(Base!$E$6:$E$61,Base!$B$6:$B$61,"2025-12",Base!$C$6:$C$61,$B7),"") -> 0.59259259 | D7: =IFERROR(SUMIFS(Base!$D$6:$D$61,Base!$B$6:$B$61,"2026-04",Base!$C$6:$C$61,$B7)/SUMIFS(Base!$E$6:$E$61,Base!$B$6:$B$61,"2026-04",Base!$C$6:$C$61,$B7),"") -> 0.65 | E7: =IFERROR(D7-C7,"") -> 0.057407407 | F7: =SUMIFS(Base!$D$6:$D$61,Base!$C$6:$C$61,$B7) -> 192 | G7: =SUMIFS(Base!$E$6:$E$61,Base!$C$6:$C$61,$B7) -> 345
B8: Assessor_3 | C8: =IFERROR(SUMIFS(Base!$D$6:$D$61,Base!$B$6:$B$61,"2025-12",Base!$C$6:$C$61,$B8)/SUMIFS(Base!$E$6:$E$61,Base!$B$6:$B$61,"2025-12",Base!$C$6:$C$61,$B8),"") -> 0.37209302 | D8: =IFERROR(SUMIFS(Base!$D$6:$D$61,Base!$B$6:$B$61,"2026-04",Base!$C$6:$C$61,$B8)/SUMIFS(Base!$E$6:$E$61,Base!$B$6:$B$61,"2026-04",Base!$C$6:$C$61,$B8),"") -> 0.5952381 | E8: =IFERROR(D8-C8,"") -> 0.22314507 | F8: =SUMIFS(Base!$D$6:$D$61,Base!$C$6:$C$61,$B8) -> 155 | G8: =SUMIFS(Base!$E$6:$E$61,Base!$C$6:$C$61,$B8) -> 305
B9: Assessor_4 | C9: =IFERROR(SUMIFS(Base!$D$6:$D$61,Base!$B$6:$B$61,"2025-12",Base!$C$6:$C$61,$B9)/SUMIFS(Base!$E$6:$E$61,Base!$B$6:$B$61,"2025-12",Base!$C$6:$C$61,$B9),"") -> 0.61702128 | D9: =IFERROR(SUMIFS(Base!$D$6:$D$61,Base!$B$6:$B$61,"2026-04",Base!$C$6:$C$61,$B9)/SUMIFS(Base!$E$6:$E$61,Base!$B$6:$B$61,"2026-04",Base!$C$6:$C$61,$B9),"") -> 0.6557377 | E9: =IFERROR(D9-C9,"") -> 0.038716428 | F9: =SUMIFS(Base!$D$6:$D$61,Base!$C$6:$C$61,$B9) -> 153 | G9: =SUMIFS(Base!$E$6:$E$61,Base!$C$6:$C$61,$B9) -> 258
B10: Graduando_1 | C10: =IFERROR(SUMIFS(Base!$D$6:$D$61,Base!$B$6:$B$61,"2025-12",Base!$C$6:$C$61,$B10)/SUMIFS(Base!$E$6:$E$61,Base!$B$6:$B$61,"2025-12",Base!$C$6:$C$61,$B10),"") -> 0.26923077 | D10: =IFERROR(SUMIFS(Base!$D$6:$D$61,Base!$B$6:$B$61,"2026-04",Base!$C$6:$C$61,$B10)/SUMIFS(Base!$E$6:$E$61,Base!$B$6:$B$61,"2026-04",Base!$C$6:$C$61,$B10),"") -> 0.61818182 | E10: =IFERROR(D10-C10,"") -> 0.34895105 | F10: =SUMIFS(Base!$D$6:$D$61,Base!$C$6:$C$61,$B10) -> 99 | G10: =SUMIFS(Base!$E$6:$E$61,Base!$C$6:$C$61,$B10) -> 216
B11: Graduando_2 | C11: =IFERROR(SUMIFS(Base!$D$6:$D$61,Base!$B$6:$B$61,"2025-12",Base!$C$6:$C$61,$B11)/SUMIFS(Base!$E$6:$E$61,Base!$B$6:$B$61,"2025-12",Base!$C$6:$C$61,$B11),"") -> 0.4 | D11: =IFERROR(SUMIFS(Base!$D$6:$D$61,Base!$B$6:$B$61,"2026-04",Base!$C$6:$C$61,$B11)/SUMIFS(Base!$E$6:$E$61,Base!$B$6:$B$61,"2026-04",Base!$C$6:$C$61,$B11),"") -> 0.5625 | E11: =IFERROR(D11-C11,"") -> 0.1625 | F11: =SUMIFS(Base!$D$6:$D$61,Base!$C$6:$C$61,$B11) -> 89 | G11: =SUMIFS(Base!$E$6:$E$61,Base!$C$6:$C$61,$B11) -> 190
B12: Novo_1 | C12: =IFERROR(SUMIFS(Base!$D$6:$D$61,Base!$B$6:$B$61,"2025-12",Base!$C$6:$C$61,$B12)/SUMIFS(Base!$E$6:$E$61,Base!$B$6:$B$61,"2025-12",Base!$C$6:$C$61,$B12),"") | D12: =IFERROR(SUMIFS(Base!$D$6:$D$61,Base!$B$6:$B$61,"2026-04",Base!$C$6:$C$61,$B12)/SUMIFS(Base!$E$6:$E$61,Base!$B$6:$B$61,"2026-04",Base!$C$6:$C$61,$B12),"") -> 0.6 | E12: =IFERROR(D12-C12,"") | F12: =SUMIFS(Base!$D$6:$D$61,Base!$C$6:$C$61,$B12) -> 4 | G12: =SUMIFS(Base!$E$6:$E$61,Base!$C$6:$C$61,$B12) -> 6
B13: Novo_2 | C13: =IFERROR(SUMIFS(Base!$D$6:$D$61,Base!$B$6:$B$61,"2025-12",Base!$C$6:$C$61,$B13)/SUMIFS(Base!$E$6:$E$61,Base!$B$6:$B$61,"2025-12",Base!$C$6:$C$61,$B13),"") | D13: =IFERROR(SUMIFS(Base!$D$6:$D$61,Base!$B$6:$B$61,"2026-04",Base!$C$6:$C$61,$B13)/SUMIFS(Base!$E$6:$E$61,Base!$B$6:$B$61,"2026-04",Base!$C$6:$C$61,$B13),"") -> 0.63636364 | E13: =IFERROR(D13-C13,"") | F13: =SUMIFS(Base!$D$6:$D$61,Base!$C$6:$C$61,$B13) -> 24 | G13: =SUMIFS(Base!$E$6:$E$61,Base!$C$6:$C$61,$B13) -> 44
B15: Servidores presentes nos dois meses que pioraram | E15: =COUNTIF(E6:E13,"<0") -> 0

Sheet Robustez
B2: TESTE DE ROBUSTEZ
B3: Duas explicacoes concorrentes para a alta, testadas contra a propria base.
B5: Hipotese 1: a alta veio da entrada de pessoal novo
B6: Recalculo excluindo servidores que ingressaram durante o periodo (rotulo Novo).
B8: Mes | C8: Com entrantes | D8: Sem entrantes | E8: Diferenca
B9: 2025-12 | C9: =IFERROR(SUMIFS(Base!$D$6:$D$61,Base!$B$6:$B$61,$B9)/SUMIFS(Base!$E$6:$E$61,Base!$B$6:$B$61,$B9),0) -> 0.44210526 | D9: =IFERROR((SUMIFS(Base!$D$6:$D$61,Base!$B$6:$B$61,$B9)-SUMIFS(Base!$D$6:$D$61,Base!$B$6:$B$61,$B9,Base!$C$6:$C$61,"Novo*"))/(SUMIFS(Base!$E$6:$E$61,Base!$B$6:$B$61,$B9)-SUMIFS(Base!$E$6:$E$61,Base!$B$6:$B$61,$B9,Base!$C$6:$C$61,"Novo*")),0) -> 0.44210526 | E9: =D9-C9 -> 0
B10: 2026-04 | C10: =IFERROR(SUMIFS(Base!$D$6:$D$61,Base!$B$6:$B$61,$B10)/SUMIFS(Base!$E$6:$E$61,Base!$B$6:$B$61,$B10),0) -> 0.60386473 | D10: =IFERROR((SUMIFS(Base!$D$6:$D$61,Base!$B$6:$B$61,$B10)-SUMIFS(Base!$D$6:$D$61,Base!$B$6:$B$61,$B10,Base!$C$6:$C$61,"Novo*"))/(SUMIFS(Base!$E$6:$E$61,Base!$B$6:$B$61,$B10)-SUMIFS(Base!$E$6:$E$61,Base!$B$6:$B$61,$B10,Base!$C$6:$C$61,"Novo*")),0) -> 0.60106383 | E10: =D10-C10 -> -0.0028009045
B12: Leitura | C12: Se a alta dependesse dos entrantes, a coluna sem entrantes cairia ao patamar inicial. Ela nao cai.
B14: Hipotese 2: a alta veio de uma pessoa so
B15: Verificacao na aba Por servidor: contagem de servidores cujo indicador recuou entre o primeiro e o ultimo mes integral.
B16: Servidores que pioraram | C16: ='Por servidor'!E15 -> 0
B17: Leitura | C17: Ganho concentrado apareceria como avanco de um servidor e recuo dos demais. O padrao observado e o oposto.
B19: O que o teste nao resolve | C19: Nenhum dos dois exclui fator externo simultaneo, como mudanca de pauta ou de perfil de entrada. A serie sustenta a evolucao e afasta duas explicacoes. Nao substitui contrafactual.
